tier,headphone
S+,he 1
S+,bravura
S+,aperio
S,abyss diana mr carbon vegan
S,susvara
S,empyrean 2
S,hd 800 s
S,l700
S,atrium
A,utwopia
A,heddphone1
A,d8000 pro
A,corina
A,elex
A,clear
A,audeze mm 500
A,dianatcbronze
A,composer
A,abyss1266150874
A,he 6
A,sundara
A,arya
A,arya organic
A,shangri la sr
A,hd 600
A,hd 650
A,sr 007
A,x9000
A,lcd 3f
A,auteur
A,aeolus
A,caldera
A,verite closed
A,aeon 2 noire
B,utopia
B,lcd 4
B,abyssdianav2bk1
B,he 6se v2
B,lcd x
B,dca stealth
B,akgk361 aboveflat
B,61sygir2hflacuf10001000ql80
B,he1000 v2
B,meze 109 pro
B,mm100
B,focal radiance
B,celestee
B,void
B,ca 1a
B,sr1a
B,hd 580
B,hd 660 s2
B,edition xs
B,hd 560s
B,mdr z1r
B,lcd 2f
B,sr 009s
B,stax l300
B,stax l500
B,verite
B,atrium closed
B,184
B,lcd xc
B,lcd 5
B,crbn
B,aeon closed x
B,ether c flow
B,ether c
B,zeus
B,srh 840
B,v6
B,1am2
C,he560s
C,ananda stealth
C,ananda nano
C,shang jr
C,elite
C,empyrean
C,heddphone2
C,he400se
C,he5xx
C,para
C,moondrop venus
C,ndh 30
C,lcd 1
C,aiva
C,hd 660s
C,lcd gx
C,lcd 2 classic
C,mv1
C,m40x
C,adx5000
C,ad500x
C,ad700x
C,ad900x
C,ad1000x
C,ad2000x
C,hi x 65
C,dt 770
C,dt 880
C,tygr300r
C,dt 700 pro x
C,dt 900 pro x
C,aeon open x
C,d9200
C,purpleheart
C,elegia
C,clear mg
C,k612
C,k702
C,t50rp
C,t60rp
C,k712
C,g200
C,helios
C,kph30i
C,mdr 7506
C,srh 1840
C,cd900st
D,stellia
D,k701
D,he1000 se
D,k7xx
D,porta pro
D,ksc75
D,99 clasic
D,liric
D,ndh 20
D,s4x
D,shp 9500
D,shp 9600
D,srh 840a
D,lcd 2 closed
D,el8c
D,m50x
D,amiron home
D,dt 1990
D,ether 2
D,dca expanse
D,elear
D,tr x00 ebony
D,th900
D,th909
D,grade hemp
D,325x
D,poseidon
D,pfr v1
F,sundara closed
F,x3
F,peacock
F,hd 8xx
F,zx110
F,dt 990
F,dt1770
F,voce
F,gl2000
F,gl850
F,sr 80x
F,sr225x
F,srh 1540
F,m1st
F,580i
How did this happen?,he r9
How did this happen?,he r10p
How did this happen?,audivina
How did this happen?,joker
How did this happen?,hd 700
How did this happen?,hd 820
How did this happen?,h2plus
How did this happen?,t1 gen 3
How did this happen?,hi x 55
How did this happen?,beats pro
How did this happen?,t5p
X (Not Heard),hek stealth
X (Not Heard),valkyria
X (Not Heard),twin pulse
X (Not Heard),edition 15
X (Not Heard),mx 4
X (Not Heard),d7200
X (Not Heard),d5200
X (Not Heard),athena
